<?xml version="1.0" encoding="UTF-8"?>
<project-private xmlns="http://www.netbeans.org/ns/project-private/1">
    <editor-bookmarks xmlns="http://www.netbeans.org/ns/editor-bookmarks/2" lastBookmarkId="0"/>
    <open-files xmlns="http://www.netbeans.org/ns/projectui-open-files/2">
        <group>
            <file>file:/C:/xampp/htdocs/mes_site_web/JAVA/LibrairieCeleste/src/com/sio/celeste/Entreprise.java</file>
            <file>file:/C:/xampp/htdocs/mes_site_web/JAVA/LibrairieCeleste/src/com/sio/celeste/Dossier.java</file>
            <file>file:/C:/xampp/htdocs/mes_site_web/JAVA/LibrairieCeleste/test/com/sio/celeste/VendeurTest.java</file>
            <file>file:/C:/xampp/htdocs/mes_site_web/JAVA/LibrairieCeleste/src/com/sio/celeste/Particulier.java</file>
            <file>file:/C:/xampp/htdocs/mes_site_web/JAVA/LibrairieCeleste/test/com/sio/celeste/DossierTest.java</file>
            <file>file:/C:/xampp/htdocs/mes_site_web/JAVA/LibrairieCeleste/src/com/sio/celeste/Pourcentage.java</file>
            <file>file:/C:/xampp/htdocs/mes_site_web/JAVA/LibrairieCeleste/src/com/sio/celeste/Client.java</file>
            <file>file:/C:/xampp/htdocs/mes_site_web/JAVA/LibrairieCeleste/src/com/sio/celeste/Vendeur.java</file>
        </group>
    </open-files>
</project-private>
