<?xml version="1.0" encoding="UTF-8"?>
<!DOCTYPE hibernate-configuration PUBLIC "-//Hibernate/Hibernate Configuration DTD 3.0//EN" "http://hibernate.sourceforge.net/hibernate-configuration-3.0.dtd">
<hibernate-configuration>
    <session-factory>
        <property name="hibernate.dialect">org.hibernate.dialect.MariaDB10Dialect</property>
        <property name="hibernate.connection.driver_class">org.mariadb.jdbc.Driver</property>
        <property name="hibernate.connection.url">jdbc:mariadb://localhost:3306/bd_gestion_concours</property>
        <property name="hibernate.connection.username">root</property>
        <property name="hibernate.connection.password"></property>
        <!-- comportement pour la création des table-->
        <property name="hbm2ddl.auto">create</property>
        
        <!-- affiche le log sql -->
        <property name="hibernate.show_sql">true</property>
        <property name="hibernate.format_sql">true</property>
        <property name="hibernate.use_sql_comments">true</property>
        
        
        <!--Mapping-->
        <mapping class="com.sio.entityconcours.Concours" />
        <mapping class="com.sio.entityconcours.Epreuve" />
        <mapping class="com.sio.entityconcours.Obstacle" />
        <mapping class="com.sio.entityconcours.Bareme" />
        <mapping class="com.sio.entityconcours.TypeObstacle" />
        <mapping class="com.sio.entityconcours.Faute" />
        <mapping class="com.sio.entityconcours.Barrage" />
        <mapping class="com.sio.entityconcours.Phase" />
        <mapping class="com.sio.entityconcours.Manche" />

          
    </session-factory>
</hibernate-configuration>
