<?xml version="1.0" encoding="UTF-8"?>
<project-private xmlns="http://www.netbeans.org/ns/project-private/1">
    <editor-bookmarks xmlns="http://www.netbeans.org/ns/editor-bookmarks/2" lastBookmarkId="0"/>
    <open-files xmlns="http://www.netbeans.org/ns/projectui-open-files/2">
        <group>
            <file>file:/C:/xampp/htdocs/mes_site_web/JAVA/CNC/cnc/src/com/sio/cnc/Production.java</file>
            <file>file:/C:/xampp/htdocs/mes_site_web/JAVA/CNC/cnc/src/cnc/Cnc.java</file>
            <file>file:/C:/xampp/htdocs/mes_site_web/JAVA/CNC/cnc/src/com/sio/cnc/Cooperateur.java</file>
            <file>file:/C:/xampp/htdocs/mes_site_web/JAVA/CNC/cnc/src/com/sio/cnc/Commune.java</file>
            <file>file:/C:/xampp/htdocs/mes_site_web/JAVA/CNC/cnc/src/com/sio/cnc/Parcelle.java</file>
        </group>
    </open-files>
</project-private>
