<?xml version="1.0" encoding="UTF-8"?>
<project-private xmlns="http://www.netbeans.org/ns/project-private/1">
    <editor-bookmarks xmlns="http://www.netbeans.org/ns/editor-bookmarks/2" lastBookmarkId="0"/>
    <open-files xmlns="http://www.netbeans.org/ns/projectui-open-files/2">
        <group>
            <file>file:/C:/xampp/htdocs/mes_site_web/JAVA/ClassesTechniques/ClassesTechniques/src/com/sio/classestechniques/ConversionDate.java</file>
            <file>file:/C:/xampp/htdocs/mes_site_web/JAVA/ClassesTechniques/ClassesTechniques/test/com/sio/classestechniques/ConversionDateTest.java</file>
        </group>
    </open-files>
</project-private>
