<?xml version="1.0" encoding="UTF-8"?>
<project-private xmlns="http://www.netbeans.org/ns/project-private/1">
    <editor-bookmarks xmlns="http://www.netbeans.org/ns/editor-bookmarks/2" lastBookmarkId="0"/>
    <open-files xmlns="http://www.netbeans.org/ns/projectui-open-files/2">
        <group>
            <file>file:/C:/xampp/htdocs/mes_site_web/STAGE/Project%20ESB%202/vues/V_form.php</file>
            <file>file:/C:/xampp/htdocs/mes_site_web/STAGE/Project%20ESB%202/vues/V_presentation_personne.php</file>
            <file>file:/C:/xampp/htdocs/mes_site_web/STAGE/Project%20ESB%202/vues/V_caroussel.php</file>
            <file>file:/C:/xampp/htdocs/mes_site_web/STAGE/Project%20ESB%202/vues/V_connexion.php</file>
            <file>file:/C:/xampp/htdocs/mes_site_web/STAGE/Project%20ESB%202/style/style.css</file>
            <file>file:/C:/xampp/htdocs/mes_site_web/STAGE/Project%20ESB%202/vues/V_contact.php</file>
            <file>file:/C:/xampp/htdocs/mes_site_web/STAGE/Project%20ESB%202/vues/V_card.php</file>
            <file>file:/C:/xampp/htdocs/mes_site_web/STAGE/Project%20ESB%202/vues/V_footer.php</file>
            <file>file:/C:/xampp/htdocs/mes_site_web/STAGE/Project%20ESB%202/vues/V_nav.php</file>
        </group>
    </open-files>
</project-private>
