<?xml version="1.0" encoding="UTF-8"?>
<project-private xmlns="http://www.netbeans.org/ns/project-private/1">
    <editor-bookmarks xmlns="http://www.netbeans.org/ns/editor-bookmarks/2" lastBookmarkId="0"/>
    <open-files xmlns="http://www.netbeans.org/ns/projectui-open-files/2">
        <group>
            <file>file:/C:/xampp/htdocs/ecocert-certificats/app/Controllers/Home.php</file>
            <file>file:/C:/xampp/htdocs/ecocert-certificats/app/Models/PaysModel.php</file>
            <file>file:/C:/xampp/htdocs/ecocert-certificats/app/Models/UtilisateurModel.php</file>
            <file>file:/C:/xampp/htdocs/ecocert-certificats/app/Helpers/assets_helper.php</file>
            <file>file:/C:/xampp/htdocs/ecocert-certificats/app/Controllers/RechercheClientController.php</file>
            <file>file:/C:/xampp/htdocs/ecocert-certificats/app/Models/DepartementModel.php</file>
            <file>file:/C:/xampp/htdocs/ecocert-certificats/app/Views/templates/nav.php</file>
            <file>file:/C:/xampp/htdocs/ecocert-certificats/app/Config/App.php</file>
            <file>file:/C:/xampp/htdocs/ecocert-certificats/app/Config/Database.php</file>
            <file>file:/C:/xampp/htdocs/ecocert-certificats/app/Controllers/BaseController.php</file>
            <file>file:/C:/xampp/htdocs/ecocert-certificats/app/Config/Routes.php</file>
            <file>file:/C:/xampp/htdocs/ecocert-certificats/app/Controllers/ajax/AjaxRechercheClientController.php</file>
            <file>file:/C:/xampp/htdocs/ecocert-certificats/app/Views/templates/entete.php</file>
            <file>file:/C:/xampp/htdocs/ecocert-certificats/app/Controllers/AccueilController.php</file>
            <file>file:/C:/xampp/htdocs/ecocert-certificats/app/Views/pages/v_recherche_par_client.php</file>
        </group>
    </open-files>
</project-private>
