<?xml version="1.0" encoding="UTF-8"?>
<project-private xmlns="http://www.netbeans.org/ns/project-private/1">
    <editor-bookmarks xmlns="http://www.netbeans.org/ns/editor-bookmarks/2" lastBookmarkId="0"/>
    <open-files xmlns="http://www.netbeans.org/ns/projectui-open-files/2">
        <group>
            <file>file:/C:/xampp/htdocs/mes_site_web/JAVA/Convertisseur/Convertisseur/src/com/sio/convertisseur/ConvertisseurBasique.java</file>
            <file>file:/C:/xampp/htdocs/mes_site_web/JAVA/Convertisseur/Convertisseur/test/com/sio/convertisseur/ConvertisseurBasiqueIT.java</file>
            <file>file:/C:/xampp/htdocs/mes_site_web/JAVA/Convertisseur/Convertisseur/src/com/sio/convertisseur/Convertisseur.java</file>
            <file>file:/C:/xampp/htdocs/mes_site_web/JAVA/Convertisseur/Convertisseur/test/com/sio/convertisseur/ConvertisseurIT.java</file>
            <file>file:/C:/xampp/htdocs/mes_site_web/JAVA/Convertisseur/Convertisseur/test/com/sio/convertisseur/DeviseIT.java</file>
            <file>file:/C:/xampp/htdocs/mes_site_web/JAVA/Convertisseur/Convertisseur/src/com/sio/convertisseur/Devise.java</file>
        </group>
    </open-files>
</project-private>
